,CustomerID,VisitDate,TotalSpend,ProductCategory
0,1821,2023-07-27,1601.87,Jewelry
1,1652,2023-08-11,1678.72,Furniture
2,1378,2023-01-06,374.59,Sports
3,1482,2022-09-27,106.82,Books
4,1633,2023-03-03,1618.25,Toys
5,1783,2023-02-07,1912.6,Jewelry
6,1465,2022-11-29,1304.65,Jewelry
7,1049,2023-01-21,1812.96,Sports
8,1339,2023-07-14,216.44,Books
9,1034,2023-03-18,1214.12,Home
10,1953,2023-06-22,1240.34,Electronics
11,1444,2023-06-18,736.09,Healthcare
12,1264,2023-05-04,336.64,Beauty
13,1216,2023-05-02,928.64,Clothing
14,1338,2023-04-27,685.82,Healthcare
15,1398,2023-03-29,1869.36,Clothing
16,1650,2023-08-08,585.4,Electronics
17,1760,2022-10-11,651.28,Toys
18,1197,2023-01-25,1480.29,Toys
19,1822,2023-09-01,1981.82,Beauty
20,1647,2023-08-09,1358.46,Home
21,1081,2023-02-17,1329.33,Home
22,1937,2022-12-24,287.75,Toys
23,1776,2023-09-05,1085.58,Jewelry
24,1135,2023-05-12,1263.11,Home
25,1239,2023-07-24,641.19,Jewelry
26,1473,2023-06-06,69.75,Toys
27,1702,2022-10-26,1777.8,Healthcare
28,1785,2022-11-27,298.31,Jewelry
29,1887,2022-11-08,721.17,Beauty
30,1927,2023-03-04,1333.37,Clothing
31,1699,2023-01-22,253.36,Home
32,1061,2023-03-15,1835.5,Electronics
33,1882,2023-02-09,732.05,Toys
34,1603,2023-02-03,106.23,Sports
35,1656,2022-12-21,1399.71,Beauty
36,1452,2023-07-26,1746.97,Toys
37,1173,2023-01-21,1950.66,Sports
38,1676,2023-01-31,1749.43,Sports
39,1365,2022-11-04,1227.07,Toys
40,1073,2023-04-17,42.84,Toys
41,1218,2022-10-16,957.22,Healthcare
42,1232,2023-04-11,482.24,Sports
43,1630,2023-06-03,417.49,Electronics
44,1867,2023-08-11,1831.29,Toys
45,1018,2022-12-04,1927.44,Furniture
46,1195,2023-08-19,1822.33,Clothing
47,1816,2023-06-24,403.79,Sports
48,1898,2023-04-28,749.22,Sports
49,1287,2022-11-16,601.08,Toys
50,1030,2023-02-23,566.77,Beauty
51,1708,2022-12-31,1359.83,Jewelry
52,1822,2022-12-06,684.72,Books
53,1386,2023-05-12,128.16,Clothing
54,1097,2023-05-27,337.88,Clothing
55,1249,2023-08-08,165.79,Sports
56,1602,2022-12-18,1336.55,Books
57,1804,2022-10-04,1841.56,Beauty
58,1062,2023-04-04,1791.91,Electronics
59,1180,2023-02-17,299.15,Electronics
60,1165,2023-07-10,916.79,Toys
61,1354,2023-05-23,1992.29,Healthcare
62,1514,2023-02-17,1344.73,Jewelry
63,1951,2023-09-20,635.18,Books
64,1441,2023-08-01,755.69,Healthcare
65,1414,2023-06-24,173.87,Furniture
66,1718,2023-08-09,977.43,Clothing
67,1286,2022-11-25,23.79,Books
68,1032,2023-07-06,502.51,Beauty
69,1511,2023-03-30,125.99,Sports
70,1260,2023-04-08,226.58,Sports
71,1078,2023-06-08,763.75,Beauty
72,1473,2023-09-01,825.46,Electronics
73,1571,2023-01-25,1701.45,Healthcare
74,1764,2023-02-23,1154.26,Beauty
75,1595,2022-12-19,1829.94,Books
76,1855,2023-01-16,1149.39,Clothing
77,1795,2023-08-05,21.12,Healthcare
78,1578,2022-09-25,1723.42,Home
79,1266,2022-10-28,72.85,Books
80,1009,2023-08-27,441.89,Beauty
81,1985,2022-12-19,340.56,Furniture
82,1045,2022-10-08,363.13,Electronics
83,1196,2023-01-22,1967.76,Furniture
84,1625,2023-09-17,910.72,Books
85,1012,2022-11-08,31.98,Clothing
86,1072,2023-07-15,1536.29,Healthcare
87,1965,2023-04-05,1861.11,Furniture
88,1920,2023-04-28,946.61,Books
89,1711,2023-02-17,974.6,Home
90,1518,2023-03-28,543.34,Furniture
91,1415,2023-06-08,1311.69,Beauty
92,1106,2022-09-25,1825.24,Jewelry
93,1168,2023-02-09,913.51,Jewelry
94,1406,2023-01-14,1233.98,Electronics
95,1706,2023-08-12,1092.54,Furniture
96,1977,2023-06-10,1269.56,Clothing
97,1452,2022-11-27,1522.85,Home
98,1025,2023-06-12,1155.05,Toys
99,1152,2023-01-29,1307.71,Electronics
100,1416,2023-09-05,1315.37,Furniture
101,1197,2023-08-05,900.59,Beauty
102,1994,2022-11-16,1761.6,Home
103,1556,2022-12-27,541.98,Electronics
104,1774,2023-08-15,458.5,Jewelry
105,1188,2022-11-20,1590.55,Books
106,1250,2023-07-10,102.91,Clothing
107,1191,2022-11-05,1468.47,Clothing
108,1990,2023-06-10,1885.64,Clothing
109,1296,2022-12-22,661.47,Books
110,1388,2022-11-26,976.95,Sports
111,1892,2023-09-18,1216.23,Home
112,1157,2022-11-27,55.93,Toys
113,1022,2022-11-29,1258.85,Electronics
114,1482,2023-02-21,407.38,Electronics
115,1347,2022-11-03,1138.12,Books
116,1991,2023-06-24,676.2,Healthcare
117,1939,2022-12-01,396.64,Books
118,1104,2023-03-19,320.8,Beauty
119,1631,2022-11-08,595.57,Toys
120,1530,2023-08-04,1078.81,Clothing
121,1258,2023-03-15,371.59,Home
122,1980,2023-02-07,1742.63,Electronics
123,1796,2023-07-02,1248.4,Clothing
124,1622,2022-12-13,220.69,Books
125,1186,2023-05-07,1404.12,Healthcare
126,1642,2023-06-12,773.27,Sports
127,1688,2023-03-06,135.01,Furniture
128,1429,2023-05-21,1865.69,Jewelry
129,1062,2023-07-10,1643.72,Healthcare
130,1012,2023-06-08,307.06,Home
131,1576,2022-10-16,1615.86,Healthcare
132,1351,2023-02-23,1896.34,Healthcare
133,1393,2022-11-01,828.23,Clothing
134,1451,2023-06-13,1075.05,Home
135,1827,2023-05-02,1770.7,Healthcare
136,1074,2023-03-29,535.73,Electronics
137,1080,2023-01-19,721.21,Sports
138,1331,2023-05-01,1707.13,Jewelry
139,1076,2023-04-05,1797.24,Jewelry
140,1532,2023-01-14,1539.02,Toys
141,1363,2023-01-27,717.84,Beauty
142,1027,2022-09-28,1940.98,Furniture
143,1049,2023-03-27,828.85,Books
144,1996,2022-10-25,529.7,Furniture
145,1242,2023-04-16,424.65,Electronics
146,1721,2023-04-02,920.59,Sports
147,1365,2023-03-17,437.51,Home
148,1340,2022-10-10,640.31,Books
149,1003,2023-02-04,756.66,Sports
150,1427,2023-03-07,1845.21,Electronics
151,1186,2023-05-14,414.74,Sports
152,1307,2023-09-14,855.98,Books
153,1447,2023-02-11,504.21,Books
154,1371,2022-11-17,1304.38,Beauty
155,1797,2023-03-03,1787.55,Home
156,1100,2023-07-01,1395.17,Clothing
157,1356,2023-01-30,1337.1,Beauty
158,1235,2022-11-20,643.29,Healthcare
159,1559,2022-10-26,43.53,Furniture
160,1323,2023-08-05,1273.7,Beauty
161,1561,2023-02-06,158.48,Home
162,1698,2022-11-21,610.54,Books
163,1428,2022-12-06,180.37,Beauty
164,1488,2023-09-06,328.2,Books
165,1910,2023-03-26,1156.37,Beauty
166,1484,2023-07-31,1550.28,Sports
167,1682,2023-02-06,874.7,Toys
168,1773,2023-06-13,657.49,Healthcare
169,1909,2023-01-25,1800.3,Beauty
170,1846,2023-05-13,1959.19,Furniture
171,1862,2023-01-08,488.39,Furniture
172,1651,2023-05-13,1046.31,Home
173,1004,2023-02-15,23.89,Jewelry
174,1880,2023-08-18,271.47,Furniture
175,1264,2022-12-19,1285.94,Furniture
176,1319,2023-07-02,142.1,Healthcare
177,1386,2023-07-17,622.21,Furniture
178,1101,2023-06-21,892.13,Healthcare
179,1324,2023-06-14,542.69,Beauty
180,1159,2022-09-26,1034.58,Sports
181,1012,2023-08-12,1090.89,Beauty
182,1601,2023-01-05,289.33,Home
183,1416,2022-12-22,1697.25,Jewelry
184,1675,2023-07-26,1376.01,Books
185,1369,2023-03-04,688.23,Toys
186,1574,2023-02-08,280.38,Jewelry
187,1642,2023-01-22,1549.94,Sports
188,1746,2022-10-08,812.83,Healthcare
189,1099,2022-09-29,1419.33,Beauty
190,1228,2023-01-04,706.69,Clothing
191,1684,2023-07-17,968.79,Beauty
192,1669,2023-01-21,835.12,Beauty
193,1772,2023-07-02,1193.35,Jewelry
194,1695,2023-02-15,426.52,Books
195,1025,2023-03-21,1531.59,Electronics
196,1138,2022-10-21,1308.13,Clothing
197,1746,2023-02-21,1627.22,Jewelry
198,1750,2022-09-26,986.13,Clothing
199,1531,2023-06-23,692.06,Toys
200,1616,2022-12-13,1585.37,Sports
201,1791,2022-12-25,987.89,Clothing
202,1802,2023-05-11,1255.46,Books
203,1130,2023-08-30,653.45,Electronics
204,1520,2023-03-05,736.13,Furniture
205,1542,2022-10-30,1268.38,Books
206,1226,2022-12-14,1807.2,Furniture
207,1410,2023-07-23,1996.22,Healthcare
208,1887,2022-10-07,1664.83,Beauty
209,1191,2023-05-31,1719.54,Healthcare
210,1106,2023-02-20,573.72,Electronics
211,1857,2023-06-09,1759.26,Furniture
212,1833,2023-01-20,1251.0,Toys
213,1154,2023-01-19,1690.16,Books
214,1734,2023-02-14,1772.0,Electronics
215,1645,2023-05-03,1296.98,Jewelry
216,1314,2022-10-13,1980.83,Jewelry
217,1586,2022-10-11,699.64,Beauty
218,1872,2023-07-01,899.33,Electronics
219,1080,2023-05-31,1295.81,Electronics
220,1560,2023-04-25,1097.33,Home
221,1289,2023-01-25,802.6,Beauty
222,1353,2022-12-27,709.33,Jewelry
223,1326,2022-12-21,22.92,Home
224,1357,2022-10-22,1550.97,Electronics
225,1100,2022-12-30,55.73,Furniture
226,1187,2023-06-04,1187.84,Furniture
227,1713,2023-05-25,1890.38,Electronics
228,1343,2023-02-06,1229.25,Jewelry
229,1890,2023-09-16,448.69,Clothing
230,1886,2023-03-22,1438.29,Healthcare
231,1150,2023-05-18,1938.72,Home
232,1593,2023-08-30,1034.58,Sports
233,1031,2022-10-16,1077.5,Clothing
234,1428,2023-05-09,1214.07,Furniture
235,1448,2023-07-10,1752.28,Jewelry
236,1865,2023-06-09,1373.4,Books
237,1117,2022-10-03,1015.9,Clothing
238,1720,2022-10-24,244.81,Toys
239,1536,2023-08-25,116.86,Clothing
240,1026,2022-10-16,644.29,Sports
241,1116,2023-07-11,111.57,Electronics
242,1838,2022-11-19,1374.03,Toys
243,1330,2023-05-24,1547.73,Sports
244,1170,2023-06-23,1021.7,Jewelry
245,1301,2022-11-08,46.12,Furniture
246,1336,2023-06-20,1306.44,Electronics
247,1276,2023-02-03,1602.3,Books
248,1730,2023-03-09,1223.43,Furniture
249,1010,2022-10-31,508.09,Furniture
250,1851,2023-01-08,552.04,Toys
251,1417,2022-12-14,1471.71,Toys
252,1612,2023-04-09,1832.26,Electronics
253,1688,2022-11-16,453.91,Beauty
254,1542,2023-09-12,332.67,Jewelry
255,1133,2022-11-24,1851.59,Jewelry
256,1809,2023-04-28,410.21,Electronics
257,1680,2023-01-26,986.48,Jewelry
258,1965,2023-09-03,493.04,Healthcare
259,1843,2022-10-14,495.2,Furniture
260,1646,2023-04-06,1535.48,Jewelry
261,1756,2022-10-27,1637.21,Home
262,1693,2023-08-02,384.93,Home
263,1647,2022-12-25,1147.19,Clothing
264,1985,2022-11-19,658.63,Electronics
265,1505,2022-12-14,135.04,Toys
266,1805,2023-08-21,775.03,Toys
267,1807,2023-04-12,1525.67,Beauty
268,1646,2023-01-13,1659.43,Electronics
269,1089,2023-05-17,1211.12,Books
270,1878,2022-12-24,1671.28,Electronics
271,1108,2022-12-28,1734.77,Electronics
272,1869,2023-04-13,977.38,Sports
273,1241,2023-01-03,609.84,Beauty
274,1141,2023-03-11,168.31,Furniture
275,1175,2023-09-18,1490.24,Books
276,1724,2023-06-01,1536.77,Healthcare
277,1490,2023-08-11,1431.07,Clothing
278,1008,2023-03-20,444.69,Clothing
279,1449,2023-02-03,118.52,Healthcare
280,1967,2023-03-26,183.57,Jewelry
281,1569,2023-08-17,905.84,Electronics
282,1325,2023-03-30,630.49,Clothing
283,1443,2023-02-18,759.71,Jewelry
284,1271,2023-07-31,452.82,Furniture
285,1183,2023-07-06,1123.22,Electronics
286,1538,2022-11-02,1066.9,Clothing
287,1544,2023-08-31,1221.39,Books
288,1492,2023-08-13,1813.14,Healthcare
289,1654,2022-12-26,655.74,Beauty
290,1262,2022-12-21,791.54,Books
291,1169,2022-12-06,245.35,Home
292,1140,2022-10-22,1958.97,Home
293,1282,2022-10-28,1790.02,Books
294,1140,2023-02-15,1245.92,Books
295,1931,2023-04-04,1223.67,Toys
296,1191,2023-07-07,1176.79,Sports
297,1749,2023-02-04,775.46,Furniture
298,1354,2023-05-08,707.35,Clothing
299,1421,2023-08-20,540.73,Healthcare
300,1610,2023-04-17,307.24,Healthcare
301,1114,2022-12-26,282.03,Sports
302,1395,2022-12-16,1917.4,Electronics
303,1991,2023-01-15,315.23,Furniture
304,1033,2023-07-08,522.37,Sports
305,1885,2023-07-08,1386.44,Home
306,1849,2023-08-23,1294.9,Beauty
307,1065,2023-08-08,1313.06,Jewelry
308,1642,2022-11-13,1850.2,Healthcare
309,1433,2023-02-17,1459.62,Beauty
310,1303,2023-09-14,1122.66,Sports
311,1711,2022-12-17,1901.98,Toys
312,1097,2022-12-10,1484.33,Clothing
313,1609,2023-07-13,1401.08,Electronics
314,1992,2022-12-29,1583.69,Beauty
315,1722,2023-04-22,1415.52,Jewelry
316,1061,2023-03-10,1455.87,Clothing
317,1360,2023-01-18,59.74,Healthcare
318,1816,2022-11-17,413.14,Clothing
319,1066,2022-12-13,1610.01,Toys
320,1921,2023-02-12,51.15,Furniture
321,1283,2023-02-04,1333.6,Furniture
322,1795,2023-06-15,1182.44,Healthcare
323,1439,2022-12-16,1122.2,Electronics
324,1783,2022-10-30,219.64,Home
325,1577,2023-01-24,169.83,Electronics
326,1755,2022-11-22,1979.77,Furniture
327,1966,2023-06-04,835.94,Beauty
328,1143,2022-11-14,619.92,Jewelry
329,1406,2023-03-10,436.63,Clothing
330,1899,2022-11-20,929.19,Furniture
331,1012,2022-10-12,1265.55,Books
332,1271,2023-02-01,1792.16,Home
333,1072,2023-09-13,1171.43,Healthcare
334,1197,2023-07-11,580.84,Jewelry
335,1521,2023-02-26,1086.54,Beauty
336,1771,2022-12-13,1579.33,Electronics
337,1523,2023-06-13,734.81,Electronics
338,1876,2023-01-26,1671.58,Electronics
339,1497,2022-12-06,1448.56,Home
340,1714,2023-07-31,687.67,Beauty
341,1418,2022-12-24,701.28,Sports
342,1779,2023-05-05,310.5,Furniture
343,1382,2022-12-01,554.95,Toys
344,1646,2022-10-24,134.8,Furniture
345,1362,2023-04-22,908.77,Clothing
346,1358,2023-06-29,1594.49,Furniture
347,1431,2023-07-21,992.68,Toys
348,1158,2022-11-08,1313.29,Toys
349,1037,2023-05-12,609.87,Beauty
350,1902,2023-07-17,1025.2,Jewelry
351,1920,2023-05-20,328.54,Toys
352,1845,2023-06-17,150.08,Beauty
353,1498,2022-09-22,489.45,Books
354,1003,2022-12-16,1006.97,Home
355,1952,2023-01-30,1422.98,Sports
356,1527,2023-09-13,925.82,Sports
357,1494,2023-06-16,250.85,Healthcare
358,1891,2023-08-12,1038.89,Jewelry
359,1943,2022-11-29,1505.71,Furniture
360,1110,2023-01-09,860.81,Home
361,1838,2022-12-24,460.89,Furniture
362,1691,2023-04-03,233.99,Clothing
363,1701,2022-12-09,827.91,Home
364,1047,2023-06-15,1487.73,Toys
365,1744,2023-03-19,1440.56,Furniture
366,1271,2023-04-26,1211.56,Electronics
367,1663,2022-12-19,1031.56,Healthcare
368,1674,2023-03-22,187.33,Books
369,1340,2022-12-27,1150.38,Furniture
370,1010,2023-05-21,1427.68,Books
371,1643,2022-12-25,940.7,Toys
372,1781,2023-06-10,614.31,Beauty
373,1125,2023-01-07,688.9,Toys
374,1923,2023-01-19,963.72,Beauty
375,1671,2023-09-10,1321.16,Books
376,1798,2023-08-23,1347.0,Electronics
377,1779,2023-05-22,1604.63,Beauty
378,1954,2023-06-06,1441.03,Home
379,1401,2022-09-28,1735.23,Books
380,1123,2022-10-29,1826.67,Healthcare
381,1530,2023-02-04,1231.49,Electronics
382,1491,2023-03-02,749.25,Books
383,1198,2023-04-29,1819.19,Beauty
384,1314,2022-11-01,1175.89,Books
385,1692,2022-09-22,371.32,Electronics
386,1530,2023-02-12,628.15,Toys
387,1963,2022-11-13,1750.12,Furniture
388,1056,2023-05-08,686.8,Electronics
389,1754,2023-09-11,960.31,Furniture
390,1010,2023-03-24,764.09,Furniture
391,1881,2022-12-20,682.09,Beauty
392,1545,2023-07-07,1893.24,Home
393,1659,2023-07-28,1417.79,Jewelry
394,1994,2023-05-13,1641.81,Books
395,1335,2023-04-16,751.51,Furniture
396,1649,2023-03-10,684.06,Jewelry
397,1991,2022-10-01,1763.23,Clothing
398,1167,2023-05-27,416.41,Sports
399,1322,2023-05-26,838.6,Home
400,1250,2022-12-06,1483.94,Books
401,1942,2022-12-28,1154.82,Electronics
402,1635,2023-04-15,866.72,Jewelry
403,1970,2023-06-05,961.2,Home
404,1749,2023-05-24,327.74,Furniture
405,1008,2023-06-05,111.25,Toys
406,1881,2022-12-12,392.0,Home
407,1957,2023-06-05,995.96,Sports
408,1986,2023-04-10,12.56,Books
409,1857,2023-09-12,217.79,Electronics
410,1190,2022-10-03,1043.5,Beauty
411,1345,2022-12-24,1364.84,Healthcare
412,1456,2023-01-17,233.09,Toys
413,1935,2022-11-09,251.61,Furniture
414,1415,2022-11-22,862.02,Electronics
415,1815,2023-03-21,1061.4,Home
416,1057,2023-07-28,52.75,Electronics
417,1207,2023-08-26,761.82,Electronics
418,1387,2022-11-19,246.98,Clothing
419,1933,2023-04-22,1725.68,Clothing
420,1771,2023-08-14,1031.46,Electronics
421,1903,2023-08-08,458.44,Electronics
422,1466,2023-03-19,919.59,Beauty
423,1020,2022-12-08,231.34,Clothing
424,1081,2023-09-09,406.28,Sports
425,1831,2023-04-03,219.46,Furniture
426,1973,2022-10-21,1939.71,Healthcare
427,1388,2022-10-03,1884.12,Furniture
428,1222,2022-10-14,179.83,Jewelry
429,1218,2023-03-09,167.75,Home
430,1675,2022-09-24,1886.14,Books
431,1744,2023-09-03,368.09,Electronics
432,1863,2023-08-08,1874.72,Clothing
433,1271,2022-10-16,1165.42,Electronics
434,1523,2023-04-28,1826.42,Sports
435,1683,2022-12-22,300.87,Home
436,1065,2023-03-15,1975.33,Jewelry
437,1218,2023-05-13,594.3,Electronics
438,1191,2022-11-09,1145.13,Home
439,1989,2022-10-16,1227.44,Clothing
440,1236,2023-05-22,650.98,Sports
441,1246,2023-02-12,1527.0,Electronics
442,1705,2023-02-14,1873.97,Healthcare
443,1408,2023-06-14,1278.6,Sports
444,1471,2023-08-27,340.68,Clothing
445,1674,2023-08-12,1858.99,Healthcare
446,1131,2023-09-08,1337.58,Clothing
447,1729,2022-12-25,484.79,Clothing
448,1024,2023-09-17,1492.53,Home
449,1847,2023-06-18,1835.91,Sports
450,1303,2023-05-22,954.09,Furniture
451,1622,2022-11-09,130.3,Sports
452,1760,2022-10-24,372.4,Clothing
453,1472,2023-07-19,1584.3,Home
454,1761,2023-06-26,570.28,Clothing
455,1419,2022-10-06,1647.41,Electronics
456,1499,2023-09-14,862.47,Jewelry
457,1867,2022-11-12,307.84,Furniture
458,1360,2023-03-12,1825.31,Beauty
459,1205,2023-07-11,618.11,Beauty
460,1526,2023-08-23,1334.72,Toys
461,1835,2023-07-23,49.19,Sports
462,1819,2023-08-02,905.34,Healthcare
463,1308,2022-11-26,879.91,Electronics
464,1231,2023-04-04,951.8,Healthcare
465,1659,2023-09-21,556.06,Sports
466,1474,2022-09-30,1348.3,Furniture
467,1209,2022-10-25,1430.85,Clothing
468,1348,2023-06-20,988.43,Electronics
469,1251,2022-10-05,669.35,Healthcare
470,1232,2023-02-20,1697.65,Healthcare
471,1362,2023-05-25,1318.39,Electronics
472,1685,2023-04-28,1697.95,Jewelry
473,1798,2023-02-26,1189.49,Beauty
474,1195,2022-12-29,946.39,Home
475,1731,2022-11-05,399.03,Jewelry
476,1816,2023-09-19,1741.26,Electronics
477,1065,2023-03-18,1012.38,Books
478,1636,2023-06-14,511.44,Home
479,1484,2023-01-05,92.42,Healthcare
480,1300,2022-10-09,464.48,Electronics
481,1227,2023-07-15,1983.39,Electronics
482,1382,2023-04-18,1833.55,Electronics
483,1433,2023-04-24,1580.92,Healthcare
484,1570,2022-12-18,1017.77,Books
485,1410,2023-03-15,1508.15,Jewelry
486,1077,2022-10-24,1894.57,Toys
487,1874,2023-01-11,739.88,Toys
488,1460,2023-03-11,423.74,Healthcare
489,1928,2023-01-10,1873.21,Sports
490,1637,2022-11-28,385.72,Toys
491,1845,2022-12-15,45.09,Home
492,1068,2022-11-12,1425.13,Sports
493,1037,2023-01-03,108.05,Healthcare
494,1179,2023-01-12,445.93,Furniture
495,1312,2023-04-23,714.99,Healthcare
496,1484,2023-07-31,1447.21,Toys
497,1913,2023-08-02,1075.11,Home
498,1105,2023-02-07,553.8,Furniture
499,1667,2023-08-20,407.17,Furniture
500,1729,2023-09-21,381.77,Books
501,1942,2023-07-09,908.78,Jewelry
502,1585,2023-08-12,445.63,Jewelry
503,1469,2023-07-07,1818.83,Home
504,1468,2023-09-21,196.45,Jewelry
505,1427,2023-05-29,1008.42,Electronics
506,1793,2022-11-24,371.53,Sports
507,1807,2023-05-15,257.42,Toys
508,1774,2023-03-31,689.06,Healthcare
509,1133,2023-04-26,1172.42,Sports
510,1687,2022-11-10,154.83,Beauty
511,1088,2023-07-22,526.36,Jewelry
512,1990,2023-08-07,1502.57,Jewelry
513,1249,2023-05-23,1811.52,Beauty
514,1056,2023-06-09,1939.45,Home
515,1228,2023-01-03,275.03,Furniture
516,1423,2022-12-15,226.03,Beauty
517,1493,2023-06-14,494.15,Electronics
518,1235,2022-12-23,1819.26,Sports
519,1279,2023-01-31,429.08,Clothing
520,1464,2023-02-27,513.02,Books
521,1582,2023-06-25,106.07,Healthcare
522,1691,2023-09-18,222.87,Clothing
523,1074,2023-06-30,305.02,Toys
524,1462,2023-04-03,1962.09,Jewelry
525,1800,2023-06-03,1768.14,Sports
526,1881,2023-01-28,533.59,Sports
527,1729,2023-07-06,278.05,Jewelry
528,1727,2022-09-28,231.62,Books
529,1180,2022-09-23,409.77,Furniture
530,1539,2023-08-25,1241.27,Sports
531,1961,2022-10-14,504.34,Beauty
532,1369,2022-11-11,271.54,Healthcare
533,1326,2023-04-21,402.85,Jewelry
534,1113,2023-05-01,1747.37,Electronics
535,1374,2023-07-22,1250.63,Beauty
536,1926,2023-05-15,214.48,Healthcare
537,1309,2022-12-04,731.35,Beauty
538,1878,2023-05-13,1093.67,Beauty
539,1668,2023-05-11,12.72,Sports
540,1223,2023-08-28,1293.16,Clothing
541,1391,2023-02-02,1146.38,Healthcare
542,1244,2022-10-25,264.37,Beauty
543,1249,2023-04-06,1188.65,Toys
544,1052,2022-12-01,271.28,Electronics
545,1517,2022-12-19,786.53,Clothing
546,1075,2023-06-30,743.31,Furniture
547,1247,2023-06-16,1065.95,Clothing
548,1438,2022-11-28,405.08,Toys
549,1022,2023-09-13,1436.22,Sports
550,1691,2023-03-10,416.34,Home
551,1907,2023-06-09,723.64,Books
552,1728,2023-09-10,1239.8,Sports
553,1046,2023-01-06,1628.04,Jewelry
554,1817,2022-10-20,1857.11,Books
555,1385,2023-01-06,1552.23,Healthcare
556,1730,2023-03-11,1947.95,Healthcare
557,1050,2023-01-28,1367.05,Clothing
558,1483,2022-10-14,933.36,Books
559,1481,2023-05-10,1085.97,Electronics
560,1382,2023-02-13,410.66,Jewelry
561,1958,2022-10-28,1682.13,Books
562,1425,2022-12-15,66.69,Beauty
563,1039,2023-07-04,1654.27,Sports
564,1176,2023-05-27,1736.81,Jewelry
565,1311,2023-01-25,1527.74,Clothing
566,1593,2023-06-05,1118.14,Furniture
567,1117,2022-10-13,1783.71,Beauty
568,1412,2022-10-11,1895.5,Furniture
569,1140,2022-12-12,1804.72,Electronics
570,1187,2023-03-09,1539.92,Healthcare
571,1647,2023-08-30,1889.7,Books
572,1253,2022-10-17,621.6,Books
573,1253,2023-05-22,1079.08,Jewelry
574,1166,2023-07-03,458.26,Beauty
575,1072,2022-10-13,43.31,Books
576,1704,2023-06-09,239.54,Toys
577,1177,2023-08-10,1427.7,Toys
578,1287,2023-02-10,897.94,Jewelry
579,1148,2023-03-23,1183.86,Electronics
580,1582,2023-06-24,1883.39,Clothing
581,1988,2023-01-03,24.26,Clothing
582,1689,2022-12-19,1229.83,Jewelry
583,1385,2023-06-22,547.62,Jewelry
584,1446,2023-09-16,191.64,Beauty
585,1876,2023-01-26,1191.92,Books
586,1842,2023-06-04,1802.78,Books
587,1230,2023-07-23,1769.34,Toys
588,1720,2023-08-03,1887.94,Furniture
589,1674,2023-03-20,307.22,Sports
590,1974,2023-06-10,118.86,Sports
591,1539,2023-01-29,521.0,Furniture
592,1069,2023-05-06,1462.11,Books
593,1161,2023-07-15,1847.82,Sports
594,1090,2023-07-22,1644.96,Sports
595,1191,2022-09-30,1963.06,Books
596,1827,2023-03-20,1618.75,Toys
597,1813,2022-11-25,1223.35,Clothing
598,1451,2023-03-17,1575.98,Home
599,1787,2023-09-03,1261.28,Sports
600,1474,2023-01-29,632.66,Healthcare
601,1175,2023-06-03,1212.79,Books
602,1094,2023-06-20,1580.79,Home
603,1071,2022-10-29,932.34,Jewelry
604,1040,2023-08-08,1068.58,Toys
605,1287,2023-04-29,1350.77,Clothing
606,1215,2023-07-08,1219.73,Jewelry
607,1538,2023-04-30,980.05,Healthcare
608,1196,2022-09-23,1676.21,Jewelry
609,1951,2023-06-17,586.66,Healthcare
610,1676,2023-06-12,1227.49,Furniture
611,1056,2023-04-28,484.86,Toys
612,1628,2022-11-01,707.3,Electronics
613,1569,2023-02-09,649.45,Beauty
614,1570,2023-05-19,845.08,Healthcare
615,1211,2023-03-01,796.09,Clothing
616,1255,2022-11-01,1614.06,Furniture
617,1273,2023-02-05,543.41,Toys
618,1569,2023-03-03,1923.6,Furniture
619,1052,2023-05-16,1214.27,Home
620,1708,2023-01-18,434.98,Jewelry
621,1440,2022-11-30,604.81,Healthcare
622,1086,2023-05-27,1196.28,Furniture
623,1840,2023-09-12,33.85,Beauty
624,1333,2022-11-07,809.9,Toys
625,1010,2023-03-07,1992.39,Sports
626,1557,2023-09-03,503.24,Books
627,1401,2023-05-09,89.42,Toys
628,1135,2023-09-16,363.71,Home
629,1521,2023-06-02,910.71,Beauty
630,1380,2022-10-03,1194.49,Jewelry
631,1078,2023-09-19,1668.97,Toys
632,1572,2023-06-27,1678.89,Electronics
633,1582,2022-10-02,1460.3,Clothing
634,1594,2023-02-06,663.43,Toys
635,1640,2023-09-06,1312.38,Home
636,1351,2022-11-20,1008.54,Beauty
637,1609,2023-01-21,1549.06,Home
638,1731,2023-08-03,1030.59,Jewelry
639,1084,2023-08-30,447.98,Sports
640,1026,2023-04-20,534.99,Sports
641,1466,2023-02-28,1691.3,Toys
642,1984,2023-02-19,1157.22,Sports
643,1682,2023-07-06,1957.03,Electronics
644,1793,2023-01-20,1591.64,Books
645,1737,2022-12-28,517.87,Sports
646,1561,2023-07-30,1404.69,Toys
647,1509,2022-11-04,671.29,Toys
648,1119,2023-06-14,1627.88,Jewelry
649,1660,2023-07-14,591.69,Toys
650,1074,2023-02-08,1760.94,Clothing
651,1433,2022-12-31,975.57,Clothing
652,1884,2023-04-27,1402.8,Clothing
653,1121,2023-06-03,839.82,Clothing
654,1041,2023-04-08,1952.73,Sports
655,1737,2023-03-24,359.67,Home
656,1196,2023-08-12,1970.67,Home
657,1951,2023-03-09,1360.75,Healthcare
658,1626,2023-03-27,425.54,Electronics
659,1215,2023-06-17,1723.38,Healthcare
660,1410,2023-06-11,1304.93,Books
661,1920,2023-01-19,1989.47,Clothing
662,1874,2023-08-01,890.56,Sports
663,1606,2023-07-13,887.51,Furniture
664,1884,2022-10-31,1240.75,Jewelry
665,1542,2022-10-19,1557.62,Furniture
666,1551,2023-07-22,428.71,Toys
667,1499,2023-09-21,1088.44,Healthcare
668,1424,2022-12-23,1700.11,Jewelry
669,1081,2023-04-16,198.3,Toys
670,1586,2023-09-13,441.67,Electronics
671,1321,2023-04-21,960.52,Home
672,1558,2023-03-27,1853.17,Electronics
673,1291,2023-02-11,1510.09,Sports
674,1737,2023-02-18,1666.42,Healthcare
675,1336,2023-06-20,54.13,Electronics
676,1887,2022-10-12,1868.19,Furniture
677,1648,2023-05-20,1361.88,Sports
678,1965,2023-04-23,1401.67,Clothing
679,1773,2023-05-16,475.63,Books
680,1102,2023-06-05,1112.38,Furniture
681,1753,2022-11-26,1302.95,Beauty
682,1143,2023-05-29,648.25,Clothing
683,1994,2022-11-09,199.02,Sports
684,1498,2023-01-12,970.52,Beauty
685,1585,2023-04-20,1443.92,Clothing
686,1550,2023-06-30,938.98,Sports
687,1434,2023-02-06,1948.51,Toys
688,1682,2023-02-01,625.96,Healthcare
689,1986,2023-08-06,1314.67,Clothing
690,1381,2023-01-02,1907.41,Healthcare
691,1879,2022-11-09,951.47,Furniture
692,1354,2023-01-19,1245.47,Beauty
693,1115,2023-01-03,263.16,Beauty
694,1304,2022-11-05,1083.89,Healthcare
695,1650,2022-11-29,1960.16,Healthcare
696,1837,2023-04-17,108.43,Beauty
697,1466,2023-04-10,1137.62,Electronics
698,1260,2023-08-05,1922.2,Jewelry
699,1913,2023-04-05,1929.04,Beauty
700,1574,2022-09-24,461.17,Healthcare
701,1370,2023-05-11,78.88,Clothing
702,1073,2023-07-19,228.36,Home
703,1017,2023-05-24,680.44,Electronics
704,1560,2023-04-20,838.36,Toys
705,1099,2023-06-06,293.7,Furniture
706,1693,2023-08-23,773.73,Electronics
707,1909,2022-10-20,266.42,Home
708,1962,2023-03-01,324.65,Sports
709,1783,2022-11-15,85.65,Sports
710,1746,2023-03-25,927.92,Toys
711,1430,2023-07-13,1318.95,Home
712,1484,2023-03-06,236.14,Jewelry
713,1973,2022-10-27,1371.01,Jewelry
714,1833,2022-11-24,665.36,Toys
715,1748,2023-05-07,1199.08,Clothing
716,1829,2022-10-19,1466.7,Furniture
717,1170,2022-10-19,601.83,Beauty
718,1101,2023-08-29,1921.39,Books
719,1125,2023-06-18,1052.52,Sports
720,1703,2023-06-27,530.13,Healthcare
721,1798,2023-03-30,171.37,Healthcare
722,1311,2023-05-24,235.5,Electronics
723,1721,2023-07-14,1067.95,Jewelry
724,1198,2022-12-15,1497.5,Books
725,1976,2023-07-12,1743.43,Jewelry
726,1049,2023-01-07,618.61,Beauty
727,1139,2023-08-29,217.24,Sports
728,1458,2023-05-23,414.8,Clothing
729,1542,2022-10-13,732.4,Sports
730,1256,2022-09-29,1764.85,Books
731,1894,2023-07-20,366.46,Furniture
732,1001,2023-05-16,1611.56,Healthcare
733,1373,2023-07-14,470.21,Jewelry
734,1535,2023-08-27,396.03,Sports
735,1798,2023-08-07,1284.47,Clothing
736,1530,2023-04-23,1520.94,Toys
737,1879,2022-12-05,118.85,Beauty
738,1799,2023-08-18,763.19,Books
739,1018,2023-07-20,585.86,Toys
740,1083,2023-08-19,546.08,Electronics
741,1628,2023-05-30,1256.45,Books
742,1639,2023-05-27,10.82,Healthcare
743,1822,2023-08-09,1869.22,Beauty
744,1514,2023-01-30,1902.87,Sports
745,1029,2022-12-24,273.59,Toys
746,1905,2022-10-13,1778.53,Sports
747,1464,2023-02-27,11.58,Jewelry
748,1074,2022-11-04,1449.16,Healthcare
749,1333,2022-11-07,1180.29,Books
750,1573,2022-10-14,1253.01,Home
751,1254,2023-06-29,583.4,Electronics
752,1306,2023-06-22,1327.55,Healthcare
753,1336,2022-12-18,329.4,Home
754,1560,2023-01-26,977.9,Home
755,1187,2022-10-07,84.69,Furniture
756,1982,2023-05-27,1315.89,Home
757,1821,2023-09-06,1195.55,Clothing
758,1846,2022-12-03,629.34,Books
759,1309,2022-11-25,1113.71,Clothing
760,1217,2023-09-13,484.91,Jewelry
761,1331,2023-02-20,1436.12,Books
762,1844,2023-02-14,1772.25,Home
763,1077,2022-10-16,721.55,Furniture
764,1807,2022-10-19,1602.86,Beauty
765,1846,2022-10-08,1672.0,Toys
766,1938,2023-04-13,315.43,Healthcare
767,1292,2023-07-07,566.57,Jewelry
768,1671,2023-01-15,959.28,Electronics
769,1752,2023-07-05,899.33,Beauty
770,1954,2022-12-23,393.38,Furniture
771,1286,2023-06-14,420.61,Beauty
772,1582,2023-02-05,929.04,Books
773,1042,2023-09-16,1574.8,Healthcare
774,1467,2023-07-08,335.06,Beauty
775,1561,2023-05-27,452.91,Jewelry
776,1840,2023-02-02,866.6,Toys
777,1460,2023-06-14,561.5,Toys
778,1794,2023-07-09,443.67,Beauty
779,1593,2023-06-22,1300.89,Home
780,1301,2022-11-16,930.09,Healthcare
781,1416,2022-12-25,273.47,Healthcare
782,1160,2022-10-07,870.66,Books
783,1636,2022-11-29,903.36,Electronics
784,1593,2023-04-25,1459.56,Jewelry
785,1266,2022-11-22,1787.53,Home
786,1175,2023-01-02,111.33,Home
787,1505,2022-12-31,1142.61,Clothing
788,1315,2023-02-02,1491.28,Books
789,1500,2023-05-13,1319.59,Healthcare
790,1454,2023-01-18,1157.42,Beauty
791,1069,2023-04-25,103.6,Sports
792,1491,2023-01-24,1247.65,Electronics
793,1979,2023-07-22,1873.52,Electronics
794,1984,2023-09-21,65.28,Books
795,1052,2022-12-30,1197.94,Home
796,1350,2023-07-31,1786.58,Furniture
797,1478,2022-10-15,147.01,Toys
798,1048,2023-01-30,73.36,Sports
799,1889,2023-02-10,671.43,Sports
800,1019,2022-10-24,54.46,Clothing
801,1773,2022-12-01,605.48,Toys
802,1505,2022-09-25,789.36,Jewelry
803,1256,2023-01-23,764.54,Clothing
804,1179,2023-04-10,1476.98,Books
805,1278,2023-05-28,1504.8,Books
806,1925,2023-07-18,1390.25,Healthcare
807,1848,2023-09-16,1687.29,Clothing
808,1707,2023-03-08,504.97,Toys
809,1045,2023-03-15,1739.43,Toys
810,1308,2023-09-03,892.39,Toys
811,1909,2023-01-16,1763.18,Toys
812,1469,2022-11-29,635.0,Electronics
813,1401,2023-07-27,909.29,Sports
814,1622,2022-10-07,1975.34,Sports
815,1035,2022-10-09,304.47,Furniture
816,1711,2023-08-16,1142.91,Electronics
817,1182,2023-08-16,1473.25,Beauty
818,1038,2023-02-17,572.11,Beauty
819,1159,2022-11-26,1243.79,Toys
820,1347,2022-11-15,240.77,Clothing
821,1934,2023-01-28,1575.94,Toys
822,1260,2023-08-24,1969.69,Clothing
823,1997,2023-07-23,504.13,Furniture
824,1461,2022-10-08,1005.56,Toys
825,1855,2023-07-23,1540.03,Furniture
826,1559,2023-04-11,826.54,Healthcare
827,1088,2022-11-12,1149.46,Beauty
828,1881,2023-08-15,1539.34,Furniture
829,1565,2023-04-04,1752.73,Toys
830,1126,2023-03-04,990.55,Toys
831,1072,2022-10-10,232.57,Sports
832,1539,2023-04-05,281.36,Beauty
833,1876,2023-07-11,519.4,Healthcare
834,1843,2023-04-05,1764.88,Books
835,1951,2023-09-21,1607.59,Toys
836,1034,2023-07-18,486.36,Furniture
837,1074,2023-04-22,704.84,Books
838,1540,2023-06-16,1369.8,Healthcare
839,1303,2023-03-03,451.21,Clothing
840,1295,2022-10-29,1907.99,Furniture
841,1955,2023-01-26,477.35,Furniture
842,1186,2023-01-14,100.38,Sports
843,1416,2022-10-26,1691.79,Beauty
844,1560,2023-04-30,1339.26,Books
845,1022,2023-06-02,1093.3,Electronics
846,1141,2022-12-25,1674.3,Beauty
847,1716,2023-09-11,356.49,Home
848,1756,2023-05-03,942.87,Sports
849,1017,2023-03-26,414.45,Home
850,1987,2023-06-23,900.37,Healthcare
851,1553,2023-03-15,774.76,Healthcare
852,1882,2023-03-25,611.11,Healthcare
853,1840,2022-10-11,461.89,Healthcare
854,1886,2023-03-08,1036.83,Books
855,1925,2022-10-08,930.79,Toys
856,1850,2022-12-29,835.28,Books
857,1491,2023-07-06,1713.84,Furniture
858,1072,2023-03-11,552.04,Beauty
859,1272,2022-10-23,181.1,Clothing
860,1358,2022-12-05,1533.72,Sports
861,1428,2022-10-07,1290.92,Healthcare
862,1711,2023-08-15,460.78,Jewelry
863,1480,2023-03-29,1071.34,Sports
864,1449,2022-11-16,126.93,Home
865,1025,2022-12-03,379.28,Healthcare
866,1261,2023-01-24,1496.27,Home
867,1620,2022-12-26,267.66,Sports
868,1112,2023-04-16,483.69,Sports
869,1568,2023-02-27,402.02,Beauty
870,1542,2022-12-17,72.9,Sports
871,1829,2023-04-12,705.58,Clothing
872,1748,2023-04-06,967.36,Beauty
873,1430,2023-01-31,1917.63,Jewelry
874,1535,2023-07-02,665.13,Toys
875,1860,2023-03-11,678.5,Home
876,1784,2023-02-17,179.94,Toys
877,1484,2023-08-10,1274.63,Furniture
878,1453,2023-06-04,1776.35,Healthcare
879,1452,2023-01-11,1382.76,Healthcare
880,1306,2023-09-05,985.09,Beauty
881,1157,2023-01-04,1239.83,Sports
882,1785,2022-11-07,643.15,Home
883,1848,2022-11-29,707.57,Clothing
884,1089,2022-10-09,868.21,Home
885,1171,2023-07-18,1991.0,Healthcare
886,1885,2023-02-19,249.48,Jewelry
887,1545,2023-07-21,41.67,Healthcare
888,1837,2023-04-11,1070.16,Toys
889,1377,2023-07-25,740.19,Clothing
890,1714,2023-08-04,1777.93,Home
891,1972,2023-04-20,58.65,Beauty
892,1304,2022-10-23,1123.8,Healthcare
893,1960,2022-12-09,1320.08,Healthcare
894,1460,2023-02-09,857.88,Home
895,1006,2023-06-17,589.01,Healthcare
896,1349,2023-06-24,650.73,Furniture
897,1741,2022-10-02,128.15,Jewelry
898,1653,2023-03-08,1986.26,Jewelry
899,1415,2023-02-11,553.59,Clothing
900,1634,2023-01-14,1990.95,Toys
901,1228,2023-01-23,667.06,Jewelry
902,1161,2023-04-16,1579.18,Toys
903,1970,2022-10-22,659.72,Jewelry
904,1808,2023-07-09,173.67,Home
905,1501,2023-03-01,1968.74,Sports
906,1210,2022-11-23,633.28,Books
907,1218,2023-05-03,1143.81,Books
908,1402,2023-09-05,277.81,Beauty
909,1755,2022-11-25,114.37,Healthcare
910,1937,2023-08-05,1832.65,Home
911,1557,2022-12-06,1186.57,Sports
912,1975,2023-04-09,536.03,Books
913,1774,2022-10-03,1624.19,Books
914,1265,2023-01-10,1700.76,Beauty
915,1222,2022-10-07,1457.89,Beauty
916,1477,2022-11-10,453.75,Toys
917,1599,2022-12-15,1036.82,Furniture
918,1795,2022-11-21,651.32,Jewelry
919,1310,2022-11-02,1110.03,Electronics
920,1817,2023-04-19,1648.64,Electronics
921,1574,2023-06-18,285.87,Jewelry
922,1574,2023-05-14,900.84,Clothing
923,1416,2022-10-08,760.22,Furniture
924,1468,2023-04-13,1984.72,Beauty
925,1148,2023-04-06,1423.93,Books
926,1803,2023-01-02,170.72,Books
927,1942,2023-02-21,1492.97,Furniture
928,1974,2023-08-29,1880.27,Home
929,1641,2023-03-19,1951.79,Beauty
930,1318,2023-06-17,757.32,Books
931,1577,2023-01-07,662.6,Books
932,1630,2023-06-03,665.2,Healthcare
933,1612,2023-05-11,1275.83,Home
934,1105,2023-08-03,874.53,Books
935,1126,2022-10-24,1773.35,Toys
936,1720,2022-12-24,1623.35,Home
937,1182,2023-09-04,1924.85,Healthcare
938,1759,2023-04-05,1262.01,Clothing
939,1441,2022-12-02,44.63,Jewelry
940,1354,2023-02-08,1518.16,Clothing
941,1153,2023-02-19,1609.87,Beauty
942,1773,2023-08-01,853.06,Beauty
943,1806,2023-08-31,636.27,Sports
944,1009,2023-01-09,1911.88,Healthcare
945,1369,2022-11-12,470.14,Furniture
946,1048,2022-10-09,266.16,Jewelry
947,1258,2023-09-17,628.92,Sports
948,1947,2023-06-12,102.09,Beauty
949,1460,2023-01-31,1925.3,Furniture
950,1468,2022-10-28,888.07,Sports
951,1652,2023-04-07,302.61,Furniture
952,1463,2022-12-27,1008.55,Home
953,1027,2023-08-06,781.99,Furniture
954,1824,2023-07-22,1222.51,Clothing
955,1104,2023-07-03,1218.58,Clothing
956,1207,2023-03-24,1642.24,Home
957,1598,2022-11-13,1801.47,Jewelry
958,1749,2023-08-24,1275.54,Home
959,1718,2022-11-11,1098.74,Home
960,1867,2022-10-07,661.13,Sports
961,1254,2023-04-03,456.92,Home
962,1233,2023-04-18,1653.38,Beauty
963,1219,2023-03-09,51.67,Clothing
964,1940,2022-10-10,1227.96,Healthcare
965,1026,2023-07-11,1386.63,Healthcare
966,1027,2023-09-21,446.24,Toys
967,1203,2022-12-30,466.92,Beauty
968,1606,2023-03-18,1625.71,Beauty
969,1196,2023-03-10,1701.15,Sports
970,1993,2023-07-26,835.7,Books
971,1379,2023-03-18,1194.89,Electronics
972,1121,2022-09-26,1010.94,Home
973,1051,2023-02-21,1725.58,Books
974,1091,2023-02-07,358.46,Home
975,1665,2023-07-21,300.44,Furniture
976,1531,2023-08-15,110.13,Beauty
977,1958,2023-06-19,490.36,Furniture
978,1530,2022-11-09,1954.13,Healthcare
979,1170,2023-08-18,203.8,Sports
980,1830,2023-08-10,1176.11,Toys
981,1351,2022-12-05,484.39,Beauty
982,1865,2023-06-13,239.23,Sports
983,1176,2023-06-11,136.53,Furniture
984,1136,2023-02-24,92.3,Home
985,1916,2023-02-17,502.99,Sports
986,1949,2022-10-23,442.35,Home
987,1471,2023-04-16,819.88,Jewelry
988,1896,2022-10-13,1824.91,Books
989,1592,2023-01-05,173.15,Sports
990,1174,2023-01-15,1182.77,Sports
991,1436,2023-04-21,636.48,Clothing
992,1217,2023-01-29,1590.62,Toys
993,1991,2023-06-18,253.94,Jewelry
994,1741,2023-06-26,658.6,Toys
995,1938,2022-11-15,158.9,Healthcare
996,1105,2022-12-11,106.75,Toys
997,1407,2023-05-24,602.49,Furniture
998,1070,2023-03-02,81.79,Home
999,1746,2023-02-23,1768.88,Healthcare
